{"A": 0.0029569788659597933, "n": 0.059004035772237784, "a": 0.0667152941024798, "r": 0.05214503134661232, "c": 0.02694489912846766, "h": 0.03365859637666932, "i": 0.060956640774429166, "s": 0.052446299116513447, "t": 0.0656306915315058, " ": 0.1548530619043894, "e": 0.09595283902992859, "m": 0.019894133231878854, "p": 0.016255605997803197, "l": 0.032942733204268757, "o": 0.05720206465499697, "y": 0.012352962848859055, "d": 0.029896203892931558, "v": 0.008132763012794269, ",": 0.009634605040366118, "w": 0.010341609666553706, "b": 0.010657081989859532, "g": 0.014394597205474135, "u": 0.02093652743560276, ";": 0.00019444412439166732, "f": 0.0163427825843915, ".": 0.009302689402521165, "E": 0.0011767584711199139, "k": 0.003880506433244167, "M": 0.0018524590407553148, "z": 0.0009773736325005278, "q": 0.0008162986288109143, "x": 0.0018328312814991038, "\n": 0.003422428885607817, "T": 0.00372425634579256, "C": 0.0024216640591854335, "G": 0.0010166870500078057, "I": 0.002409929862894601, "(": 0.0010361025129495445, ")": 0.0010356779203206, "Z": 0.00010857991502010128, "L": 0.0010690470410226536, "S": 0.0027462072250187116, "\"": 0.0011948615568449148, "K": 0.0005615816507740681, "R": 0.0011409189933040006, "j": 0.0007168088559832175, "-": 0.0018236253413169872, "F": 0.001122333415955199, "1": 0.002603987993987228, "7": 0.0006024197418125562, "9": 0.00158556397413374, "0": 0.0021898364837816906, "8": 0.0007813083362528901, "4": 0.0005905697475320119, "2": 0.001605230332719855, "B": 0.0015648940329701195, "'": 0.0011524987922752164, "J": 0.0006974705917012869, ":": 0.0003847195211536969, "D": 0.0012349855602801778, "W": 0.000953596445279631, "H": 0.0012884456321972913, "3": 0.0006235914742649294, "6": 0.0006092132238756696, "5": 0.000630577952977563, "P": 0.001589250210139577, "V": 0.0004391252766534597, "U": 0.0006887664428079229, "O": 0.0008761468898271486, "Y": 0.00018799803629769045, "N": 0.0010613657743717472, "Q": 9.661412274984483e-05, "X": 0.00011460141048513355, "?": 8.8006472181241e-06, "!": 6.310990439312676e-06}