{"A": 0.002851573311299736, "n": 0.059043769086193784, "a": 0.06643136319058382, "r": 0.0518283325648078, "c": 0.026825102041077107, "h": 0.03476900479736683, "i": 0.06076930348621608, "s": 0.051700282208509245, "m": 0.019652611089291318, " ": 0.15652937211119894, "p": 0.016133764065064986, "o": 0.057593029142339894, "l": 0.0327132648972538, "t": 0.06713910724989396, "y": 0.01222474322664326, "d": 0.02997058353583921, "v": 0.00810060136396952, "e": 0.096071053167893, "g": 0.014524502605458381, "f": 0.016688777022501093, "u": 0.020847125219013694, "k": 0.003877003781435145, "b": 0.010621263245091448, ",": 0.009942372961111947, ".": 0.007995909251311191, "w": 0.010674770958525901, "-": 0.0017516001983002294, "(": 0.0010905279471511069, ")": 0.0010907245352766177, "\n": 0.0028107812752562683, "E": 0.0011457513387718365, "D": 0.001189304544396341, "1": 0.0025264254875289453, "9": 0.0015484263705849335, "2": 0.0014720161405284839, "0": 0.0020271095203795715, "'": 0.0012226083600226287, "V": 0.0004184110176778387, ";": 0.0002609439291437777, "M": 0.0017749673777643408, "z": 0.0009368228404734095, "q": 0.000795118545275751, "x": 0.0017839210732989638, "W": 0.0009608512709051478, "j": 0.0007235515317659737, "T": 0.003302993262415597, "C": 0.0023943986896007444, "G": 0.001025770031443109, "I": 0.002218791878576379, "Z": 0.00010428106475953309, "L": 0.001035456464536454, "S": 0.0027055262056930687, "\"": 0.0014158723590474087, "K": 0.0005493923242112779, "R": 0.001143347602146274, "F": 0.0010876059327401073, "7": 0.0005882274148235257, "8": 0.0007520478741411367, "4": 0.0005656197803897966, "B": 0.001547979579390591, "6": 0.0005914979263661126, "J": 0.0007053760659801219, "P": 0.001537042130953087, "U": 0.0006862087237428299, "O": 0.0008278325965255069, "H": 0.0012232606751663687, "N": 0.00103592112737857, ":": 0.0003266669138315554, "3": 0.0005926417118236293, "5": 0.000602631962929127, "Y": 0.0001797977124272978, "Q": 9.300405501432909e-05, "?": 7.2290815244612055e-06, "X": 9.984889611165577e-05, "!": 5.2810719171280254e-06}