{"A": 0.002968222465603488, "n": 0.059007623417849424, "a": 0.06672061681603174, "r": 0.0522091385174341, "c": 0.027001202546754546, "h": 0.03363051135508733, "i": 0.06094504877239005, "s": 0.052480937465374265, "t": 0.06560142120685357, " ": 0.15456775648122986, "e": 0.09598859944659469, "m": 0.019907876435857143, "p": 0.016274660258297578, "l": 0.03295057508499802, "o": 0.05722580814800737, "y": 0.012385186191256843, "d": 0.029954342804148788, "v": 0.008128532174360062, ",": 0.009538199941642228, "w": 0.010347891082357116, "b": 0.010652647448236007, "g": 0.014417832947626474, "u": 0.02094316229936324, ";": 0.0001808867484566572, "f": 0.016309752327398192, ".": 0.009289483156265682, "E": 0.0011774296908749807, "k": 0.003896137370667571, "M": 0.0018636302643739529, "z": 0.000976553031537815, "q": 0.0008059405386734352, "x": 0.0018212165412881634, "\n": 0.0034172174099914364, "T": 0.0037173453733510865, "C": 0.0024441556303539096, "G": 0.0010185877044172876, "I": 0.002409861561687648, "(": 0.0010038845464143587, ")": 0.001003545396229759, "Z": 0.00010898690932157475, "L": 0.0010705574827044378, "S": 0.0027600241522811463, "\"": 0.0011869857460763415, "K": 0.0005648646074558058, "R": 0.001146207923880973, "j": 0.0007199160918503288, "-": 0.0018105233354678515, "F": 0.0011214300103943547, "1": 0.0026248029786802613, "7": 0.0006047247291516701, "9": 0.0016051778736983166, "0": 0.0022069500012428856, "8": 0.0007874867786290536, "4": 0.0005923357724083609, "2": 0.001614295028660784, "B": 0.001573756606595721, "'": 0.0011545270784090887, "J": 0.0007026992324791922, ":": 0.00037691555515513667, "D": 0.0012469155786961495, "W": 0.0009602937726879005, "H": 0.0012971896060603027, "3": 0.0006269290912375043, "6": 0.0006127845335386216, "5": 0.0006341908951901042, "P": 0.0016034023227318843, "V": 0.00044295009109773456, "U": 0.0006942005278533474, "O": 0.0008805535792853133, "Y": 0.00018970465325624276, "N": 0.0010665674805326797, "Q": 9.687725273028866e-05, "X": 0.00011573001299184608, "?": 8.778004777868e-06, "!": 6.344103453095509e-06}